-- 1. CATEGORIA 

INSERT INTO categoria (nombre, descripcion) VALUES
('Electrónica',         'Dispositivos electrónicos y accesorios'),
('Computación',         'Computadoras, laptops y periféricos'),
('Telefonía',           'Teléfonos móviles y accesorios'),
('Audio y Video',       'Audífonos, bocinas y televisores'),
('Fotografía',          'Cámaras y accesorios fotográficos'),
('Videojuegos',         'Consolas, juegos y accesorios'),
('Electrodomésticos',   'Aparatos para el hogar'),
('Ropa',                'Prendas de vestir para toda la familia'),
('Calzado',             'Zapatos, tenis y sandalias'),
('Deportes',            'Equipos y ropa deportiva'),
('Libros',              'Libros físicos y material educativo'),
('Papelería',           'Artículos de oficina y escolares'),
('Juguetes',            'Juguetes y juegos de mesa'),
('Alimentos',           'Productos alimenticios no perecederos'),
('Bebidas',             'Refrescos, jugos y bebidas en general'),
('Limpieza',            'Productos de limpieza para el hogar'),
('Salud',               'Medicamentos y productos de salud'),
('Belleza',             'Cosméticos y cuidado personal'),
('Muebles',             'Muebles para hogar y oficina'),
('Herramientas',        'Herramientas manuales y eléctricas'),
('Jardinería',          'Plantas, semillas y herramientas de jardín'),
('Mascotas',            'Alimento y accesorios para mascotas'),
('Automotriz',          'Accesorios y repuestos para vehículos'),
('Viajes',              'Maletas, mochilas y accesorios de viaje'),
('Oficina',             'Equipos y muebles de oficina');


-- 2. PROVEEDOR 

INSERT INTO proveedor (nombre, telefono, email, direccion) VALUES
('TechDistrib Guatemala',   '2345-6789', 'ventas@techdistrib.gt',     '5a Avenida 12-34, Zona 1, Guatemala'),
('ElectroImport S.A.',      '2456-7890', 'info@electroimport.gt',     '10 Calle 5-67, Zona 10, Guatemala'),
('MegaSupply Corp',         '2567-8901', 'pedidos@megasupply.gt',     '15 Avenida 8-90, Zona 13, Guatemala'),
('Distribuidora Central',   '2678-9012', 'central@distrib.gt',        '6a Calle 3-21, Zona 4, Guatemala'),
('ImportaGT',               '2789-0123', 'compras@importagt.gt',      '20 Avenida 1-45, Zona 11, Guatemala'),
('GlobalTech S.A.',         '2890-1234', 'global@globaltech.gt',      '7a Avenida 9-87, Zona 9, Guatemala'),
('SuministrosNorte',        '2901-2345', 'norte@suministros.gt',      '3a Calle 14-56, Zona 6, Guatemala'),
('ProvedorMax',             '3012-3456', 'max@provedormax.gt',        '12 Avenida 7-23, Zona 7, Guatemala'),
('Comercial del Sur',       '3123-4567', 'sur@comercialsur.gt',       '8a Calle 2-34, Zona 12, Guatemala'),
('DistribGT Express',       '3234-5678', 'express@distribgt.gt',      '4a Avenida 6-78, Zona 5, Guatemala'),
('Importaciones Pérez',     '3345-6789', 'perez@importaciones.gt',    '9a Calle 11-23, Zona 3, Guatemala'),
('TechVentas Guatemala',    '3456-7890', 'techventas@tv.gt',          '2a Avenida 4-56, Zona 14, Guatemala'),
('ElectroNorte S.A.',       '3567-8901', 'norte@electronorte.gt',     '16 Calle 8-90, Zona 15, Guatemala'),
('Suministros Modernos',    '3678-9012', 'modernos@suministros.gt',   '11 Avenida 3-67, Zona 16, Guatemala'),
('Distribuidora Oriente',   '3789-0123', 'oriente@distrib.gt',        '5a Calle 9-12, Zona 17, Guatemala'),
('ImportTech Central',      '3890-1234', 'central@importtech.gt',     '7a Avenida 5-34, Zona 18, Guatemala'),
('MegaDistrib S.A.',        '3901-2345', 'mega@megadistrib.gt',       '3a Calle 7-89, Zona 19, Guatemala'),
('Proveedores Unidos',      '4012-3456', 'unidos@proveedores.gt',     '14 Avenida 2-56, Zona 21, Guatemala'),
('TotalSupply GT',          '4123-4567', 'total@totalsupply.gt',      '6a Calle 4-78, Zona 8, Guatemala'),
('Comercializadora XYZ',    '4234-5678', 'xyz@comercializadora.gt',   '10 Avenida 6-23, Zona 2, Guatemala'),
('Distribuciones Rápidas',  '4345-6789', 'rapidas@distribuciones.gt', '8a Calle 1-45, Zona 11, Guatemala'),
('ElectroSur Guatemala',    '4456-7890', 'sur@electrosur.gt',         '2a Avenida 8-67, Zona 13, Guatemala'),
('SupplyChain GT',          '4567-8901', 'chain@supplychain.gt',      '12 Calle 5-89, Zona 10, Guatemala'),
('ImportaFácil S.A.',       '4678-9012', 'facil@importafacil.gt',     '4a Avenida 3-12, Zona 9, Guatemala'),
('Distribuidora Premium',   '4789-0123', 'premium@distrib.gt',        '9a Calle 7-34, Zona 4, Guatemala');


-- 3. CLIENTE 

INSERT INTO cliente (nombre, apellido, email, telefono, direccion) VALUES
('Carlos',    'Ramírez',    'carlos.ramirez@gmail.com',    '5501-1234', 'Colonia El Milagro, Zona 6, Guatemala'),
('María',     'González',   'maria.gonzalez@hotmail.com',  '5502-2345', '5a Avenida 3-45, Zona 1, Guatemala'),
('José',      'Morales',    'jose.morales@gmail.com',      '5503-3456', 'Residencial Vista Hermosa, Zona 15'),
('Ana',       'López',      'ana.lopez@outlook.com',       '5504-4567', '12 Calle 8-90, Zona 10, Guatemala'),
('Pedro',     'Hernández',  'pedro.hdez@gmail.com',        '5505-5678', 'Colonia Primavera, Villa Nueva'),
('Lucía',     'Martínez',   'lucia.mtz@gmail.com',         '5506-6789', '3a Avenida 6-23, Zona 4, Guatemala'),
('Diego',     'García',     'diego.garcia@yahoo.com',      '5507-7890', 'Mixco, Guatemala'),
('Sofía',     'Pérez',      'sofia.perez@gmail.com',       '5508-8901', '7a Calle 2-56, Zona 9, Guatemala'),
('Fernando',  'Castro',     'fernando.castro@gmail.com',   '5509-9012', 'San Miguel Petapa, Guatemala'),
('Gabriela',  'Flores',     'gabi.flores@hotmail.com',     '5510-0123', '9a Avenida 4-78, Zona 7, Guatemala'),
('Roberto',   'Jiménez',    'roberto.jz@gmail.com',        '5511-1234', 'Colonia Lourdes, Zona 3, Guatemala'),
('Valeria',   'Ruiz',       'valeria.ruiz@gmail.com',      '5512-2345', '14 Calle 1-23, Zona 13, Guatemala'),
('Miguel',    'Torres',     'miguel.torres@outlook.com',   '5513-3456', 'Amatitlán, Guatemala'),
('Isabella',  'Díaz',       'isa.diaz@gmail.com',          '5514-4567', '6a Avenida 9-12, Zona 11, Guatemala'),
('Andrés',    'Reyes',      'andres.reyes@gmail.com',      '5515-5678', 'Colonia El Tesoro, Zona 12'),
('Camila',    'Vargas',     'camila.vargas@hotmail.com',   '5516-6789', '2a Calle 5-67, Zona 5, Guatemala'),
('Luis',      'Mendoza',    'luis.mendoza@gmail.com',      '5517-7890', 'Santa Catarina Pinula, Guatemala'),
('Paula',     'Aguilar',    'paula.aguilar@gmail.com',     '5518-8901', '11 Avenida 7-34, Zona 2, Guatemala'),
('Ricardo',   'Ortiz',      'ricardo.ortiz@yahoo.com',     '5519-9012', 'Colonia Nimajuyú, Zona 21'),
('Daniela',   'Ramos',      'dani.ramos@gmail.com',        '5520-0123', '8a Calle 3-89, Zona 14, Guatemala'),
('Alejandro', 'Cruz',       'alex.cruz@gmail.com',         '5521-1234', 'Chinautla, Guatemala'),
('Natalia',   'Vega',       'natalia.vega@outlook.com',    '5522-2345', '4a Avenida 8-45, Zona 16, Guatemala'),
('Sebastián', 'Sandoval',   'sebas.sandoval@gmail.com',    '5523-3456', 'Fraijanes, Guatemala'),
('Mariana',   'Delgado',    'mariana.delgado@gmail.com',   '5524-4567', '10 Calle 6-78, Zona 17, Guatemala'),
('Emilio',    'Fuentes',    'emilio.fuentes@hotmail.com',  '5525-5678', 'Villa Canales, Guatemala');


-- 4. EMPLEADO 

INSERT INTO empleado (nombre, apellido, cargo, email, password_hash) VALUES
('Laura',     'Gómez',      'Vendedor',      'laura.gomez@tienda.gt',      '$2b$12$abc123hash001'),
('Marco',     'Salazar',    'Vendedor',      'marco.salazar@tienda.gt',    '$2b$12$abc123hash002'),
('Elena',     'Pineda',     'Vendedor',      'elena.pineda@tienda.gt',     '$2b$12$abc123hash003'),
('Hugo',      'Méndez',     'Supervisor',    'hugo.mendez@tienda.gt',      '$2b$12$abc123hash004'),
('Patricia',  'Lemus',      'Cajero',        'patricia.lemus@tienda.gt',   '$2b$12$abc123hash005'),
('Sergio',    'Barrios',    'Vendedor',      'sergio.barrios@tienda.gt',   '$2b$12$abc123hash006'),
('Carmen',    'Estrada',    'Cajero',        'carmen.estrada@tienda.gt',   '$2b$12$abc123hash007'),
('Javier',    'Molina',     'Bodeguero',     'javier.molina@tienda.gt',    '$2b$12$abc123hash008'),
('Rosa',      'Fuentes',    'Vendedor',      'rosa.fuentes@tienda.gt',     '$2b$12$abc123hash009'),
('Arturo',    'Cabrera',    'Gerente',       'arturo.cabrera@tienda.gt',   '$2b$12$abc123hash010'),
('Silvia',    'Marroquín',  'Vendedor',      'silvia.marroquin@tienda.gt', '$2b$12$abc123hash011'),
('Óscar',     'Revolorio',  'Cajero',        'oscar.revolorio@tienda.gt',  '$2b$12$abc123hash012'),
('Claudia',   'Pacay',      'Vendedor',      'claudia.pacay@tienda.gt',    '$2b$12$abc123hash013'),
('Ernesto',   'Juárez',     'Bodeguero',     'ernesto.juarez@tienda.gt',   '$2b$12$abc123hash014'),
('Mirna',     'Alvarado',   'Supervisor',    'mirna.alvarado@tienda.gt',   '$2b$12$abc123hash015'),
('Brayan',    'Tzoc',       'Vendedor',      'brayan.tzoc@tienda.gt',      '$2b$12$abc123hash016'),
('Wendy',     'Ajú',        'Cajero',        'wendy.aju@tienda.gt',        '$2b$12$abc123hash017'),
('Kevin',     'Ajanel',     'Vendedor',      'kevin.ajanel@tienda.gt',     '$2b$12$abc123hash018'),
('Flor',      'Cuc',        'Vendedor',      'flor.cuc@tienda.gt',         '$2b$12$abc123hash019'),
('Byron',     'Xocoy',      'Bodeguero',     'byron.xocoy@tienda.gt',      '$2b$12$abc123hash020'),
('Ingrid',    'Toj',        'Cajero',        'ingrid.toj@tienda.gt',       '$2b$12$abc123hash021'),
('Walter',    'Chox',       'Vendedor',      'walter.chox@tienda.gt',      '$2b$12$abc123hash022'),
('Deysi',     'Ixcoy',      'Vendedor',      'deysi.ixcoy@tienda.gt',      '$2b$12$abc123hash023'),
('Mynor',     'Ajú',        'Supervisor',    'mynor.aju@tienda.gt',        '$2b$12$abc123hash024'),
('Karla',     'Yat',        'Gerente',       'karla.yat@tienda.gt',        '$2b$12$abc123hash025');


-- 5. PRODUCTO 

INSERT INTO producto (categoria_id, proveedor_id, nombre, descripcion, precio_unitario, stock_actual, stock_minimo) VALUES
(1,  1,  'Laptop Lenovo IdeaPad',       'Laptop 15.6" Intel Core i5, 8GB RAM, 256GB SSD',    4500.00,  15,  5),
(1,  2,  'Monitor Samsung 24"',         'Monitor Full HD 1920x1080, 75Hz, IPS',               1800.00,  20,  5),
(2,  1,  'Teclado Mecánico Redragon',   'Teclado mecánico RGB, switches azules',               350.00,  30, 10),
(2,  3,  'Mouse Logitech MX Master',    'Mouse inalámbrico ergonómico, 4000 DPI',              450.00,  25,  8),
(3,  4,  'Samsung Galaxy A54',          'Smartphone 6.4", 128GB, 8GB RAM, Android 13',       2800.00,  18,  5),
(3,  5,  'iPhone 14',                   'Smartphone Apple, 128GB, iOS 16',                    8500.00,   8,  3),
(4,  6,  'Audífonos Sony WH-1000XM5',  'Audífonos inalámbricos con cancelación de ruido',    2200.00,  12,  4),
(4,  7,  'Bocina JBL Charge 5',         'Bocina portátil Bluetooth, resistente al agua',       900.00,  22,  6),
(5,  8,  'Cámara Canon EOS R50',        'Cámara mirrorless 24.2MP, video 4K',                5500.00,   6,  2),
(6,  9,  'Control PS5',                 'Control DualSense para PlayStation 5',                450.00,  35, 10),
(6, 10,  'Nintendo Switch',             'Consola híbrida Nintendo, 32GB',                    3200.00,  10,  4),
(7, 11,  'Microondas Oster 1.1 cu ft',  'Microondas 1000W, 10 niveles de potencia',            850.00,  14,  4),
(8, 12,  'Camisa Polo Ralph Lauren',    'Camisa polo 100% algodón, talla M',                  380.00,  40, 15),
(9, 13,  'Tenis Nike Air Max',          'Tenis deportivos Nike, talla 42',                    950.00,  28,  8),
(10, 14, 'Pelota Adidas Champions',     'Pelota de fútbol oficial, talla 5',                  280.00,  50, 15),
(11, 15, 'Clean Code - Robert Martin',  'Libro de programación, edición en español',           220.00,  20,  5),
(12, 16, 'Resma Papel Bond 80g',        'Resma de 500 hojas tamaño carta',                     45.00, 100, 30),
(13, 17, 'LEGO Star Wars Set',          'Set LEGO 750 piezas, Millennium Falcon',             1200.00,   8,  3),
(14, 18, 'Café Altense 500g',           'Café molido guatemalteco, tostado medio',              85.00,  80, 25),
(15, 19, 'Agua Cristal 600ml x24',      'Paquete de 24 botellas de agua purificada',            55.00, 120, 40),
(16, 20, 'Detergente Ariel 2kg',        'Detergente en polvo para ropa blanca y de color',      78.00,  90, 30),
(17, 21, 'Vitamina C 1000mg x100',      'Suplemento vitamínico, 100 tabletas',                  85.00,  60, 20),
(18, 22, 'Shampoo Head & Shoulders',    'Shampoo anticaspa 400ml',                              55.00,  70, 25),
(19,  1, 'Escritorio Home Office',      'Escritorio de madera 120x60cm con cajón',             950.00,   7,  2),
(20,  2, 'Taladro Bosch GSB 550',       'Taladro percutor 550W con maletín y accesorios',      750.00,  15,  5);


-- 6. VENTA 

INSERT INTO venta (cliente_id, empleado_id, fecha_venta, total, estado) VALUES
( 1,  1, '2026-01-05 09:15:00',  4850.00, 'completada'),
( 2,  2, '2026-01-07 10:30:00',  1800.00, 'completada'),
( 3,  3, '2026-01-10 11:45:00',   730.00, 'completada'),
( 4,  4, '2026-01-12 14:00:00',  8500.00, 'completada'),
( 5,  5, '2026-01-15 09:00:00',  2200.00, 'completada'),
( 6,  1, '2026-01-18 10:15:00',   900.00, 'completada'),
( 7,  2, '2026-01-20 11:30:00',  3650.00, 'completada'),
( 8,  3, '2026-01-22 14:45:00',   280.00, 'completada'),
( 9,  4, '2026-01-25 09:30:00',  5500.00, 'completada'),
(10,  5, '2026-02-01 10:00:00',   450.00, 'completada'),
(11,  1, '2026-02-03 11:15:00',  4500.00, 'completada'),
(12,  2, '2026-02-05 14:30:00',  1130.00, 'completada'),
(13,  3, '2026-02-08 09:45:00',   950.00, 'completada'),
(14,  4, '2026-02-10 10:30:00',   220.00, 'completada'),
(15,  5, '2026-02-12 11:00:00',  1200.00, 'completada'),
(16,  1, '2026-02-15 14:15:00',   133.00, 'completada'),
(17,  2, '2026-02-18 09:00:00',  3200.00, 'completada'),
(18,  3, '2026-02-20 10:45:00',   850.00, 'completada'),
(19,  4, '2026-02-22 11:30:00',   750.00, 'completada'),
(20,  5, '2026-02-25 14:00:00',  2800.00, 'completada'),
(21,  1, '2026-03-01 09:15:00',   380.00, 'completada'),
(22,  2, '2026-03-03 10:30:00',  9400.00, 'completada'),
(23,  3, '2026-03-05 11:45:00',   163.00, 'completada'),
(24,  4, '2026-03-08 14:00:00',  1650.00, 'completada'),
(25,  5, '2026-03-10 09:30:00',   335.00, 'completada');


-- 7. DETALLE_VENTA 

INSERT INTO detalle_venta (venta_id, producto_id, cantidad, precio_unitario, subtotal) VALUES
( 1,  1, 1, 4500.00, 4500.00),
( 1,  3, 1,  350.00,  350.00),
( 2,  2, 1, 1800.00, 1800.00),
( 3,  3, 1,  350.00,  350.00),
( 3,  4, 1,  450.00,  450.00),
( 4,  6, 1, 8500.00, 8500.00),
( 5,  7, 1, 2200.00, 2200.00),
( 6,  8, 1,  900.00,  900.00),
( 7,  5, 1, 2800.00, 2800.00),
( 7, 11, 1,  850.00,  850.00),
( 8, 15, 1,  280.00,  280.00),
( 9,  9, 1, 5500.00, 5500.00),
(10, 10, 1,  450.00,  450.00),
(11,  1, 1, 4500.00, 4500.00),
(12,  8, 1,  900.00,  900.00),
(12, 17, 5,   45.00,  225.00),
(13, 14, 1,  950.00,  950.00),
(14, 16, 1,  220.00,  220.00),
(15, 18, 1, 1200.00, 1200.00),
(16, 19, 1,   85.00,   85.00),
(16, 20, 1,   55.00,   55.00),
(17, 11, 1, 3200.00, 3200.00),
(18, 12, 1,  850.00,  850.00),
(19, 25, 1,  750.00,  750.00),
(20,  5, 1, 2800.00, 2800.00);

-- 8. MOVIMIENTO_INVENTARIO 
INSERT INTO movimiento_inventario (producto_id, tipo, cantidad, fecha, motivo) VALUES
( 1, 'ENTRADA',  20, '2026-01-01 08:00:00', 'Compra inicial de inventario'),
( 2, 'ENTRADA',  25, '2026-01-01 08:00:00', 'Compra inicial de inventario'),
( 3, 'ENTRADA',  40, '2026-01-01 08:15:00', 'Compra inicial de inventario'),
( 4, 'ENTRADA',  30, '2026-01-01 08:15:00', 'Compra inicial de inventario'),
( 5, 'ENTRADA',  20, '2026-01-01 08:30:00', 'Compra inicial de inventario'),
( 6, 'ENTRADA',  10, '2026-01-01 08:30:00', 'Compra inicial de inventario'),
( 7, 'ENTRADA',  15, '2026-01-01 08:45:00', 'Compra inicial de inventario'),
( 8, 'ENTRADA',  25, '2026-01-01 08:45:00', 'Compra inicial de inventario'),
( 1, 'SALIDA',   -1, '2026-01-05 09:15:00', 'Venta #1'),
( 2, 'SALIDA',   -1, '2026-01-07 10:30:00', 'Venta #2'),
( 3, 'SALIDA',   -2, '2026-01-10 11:45:00', 'Ventas #3'),
( 6, 'SALIDA',   -1, '2026-01-18 10:15:00', 'Venta #6'),
( 9, 'ENTRADA',  10, '2026-01-20 08:00:00', 'Reabastecimiento cámaras'),
(10, 'ENTRADA',  40, '2026-01-20 08:00:00', 'Reabastecimiento controles PS5'),
(11, 'ENTRADA',  15, '2026-01-20 08:00:00', 'Reabastecimiento Nintendo Switch'),
( 5, 'SALIDA',   -2, '2026-01-20 11:30:00', 'Ventas #7 y #20'),
( 9, 'SALIDA',   -1, '2026-01-25 09:30:00', 'Venta #9'),
(12, 'ENTRADA',  20, '2026-02-01 08:00:00', 'Reabastecimiento microondas'),
( 1, 'SALIDA',   -1, '2026-02-03 11:15:00', 'Venta #11'),
(17, 'ENTRADA', 120, '2026-02-10 08:00:00', 'Reabastecimiento papel bond'),
(11, 'SALIDA',   -1, '2026-02-18 09:00:00', 'Venta #17'),
(12, 'SALIDA',   -1, '2026-02-20 10:45:00', 'Venta #18'),
(25, 'SALIDA',   -1, '2026-02-22 11:30:00', 'Venta #19'),
( 3, 'AJUSTE',    5, '2026-03-01 08:00:00', 'Ajuste por conteo físico de inventario'),
(15, 'ENTRADA',  60, '2026-03-05 08:00:00', 'Reabastecimiento pelotas Adidas');